actor_entropy,actor_loss,actor_target_entropy,alpha_loss,alpha_value,batch_reward,critic_loss,duration,episode,episode_reward,step
0.9357973558325616,-0.14762332117820662,-2.0,0.2865126691167317,0.09782555652043176,0.04159375,0.8250237954854965,78.63734650611877,9.0,9.0,9000
1.2366195869061254,-0.3440697467134845,-2.0,0.2976428777460129,0.09193864140299059,0.035765625,0.46611163473129275,55.43012046813965,10.0,0.0,10000
1.0326056698011974,-0.4254241888485258,-2.0,0.26290907178606304,0.0866654317766901,0.04403125,0.26144818755984306,64.82055854797363,11.0,3.0,11000
1.01563648687255,-0.49199549325050845,-2.0,0.24727627779206923,0.08200573752964696,0.050765625,0.12024318301677704,67.32336068153381,12.0,21.0,12000
0.8815513537043617,-0.5844362340276203,-2.0,0.22395930687586466,0.07770390441966435,0.057671875,0.20464645320177077,68.6579532623291,13.0,9.0,13000
0.6152232839695869,-0.7290294737585129,-2.0,0.19337734003220836,0.07389648462976178,0.069625,0.38787342607975006,69.66124677658081,14.0,28.0,14000
0.4381483382885418,-0.9127571639560518,-2.0,0.17223651092203837,0.07061429357244856,0.0844375,0.4018191633224487,67.08831596374512,15.0,32.0,15000
